target_index_in_batch,numerator,denominator,sample_loss
0,"tensor(0.7940, dtype=torch.float64, grad_fn=<ExpBackward0>)","tensor(13.4187, dtype=torch.float64)","tensor(2.8848, dtype=torch.float64, grad_fn=<NegBackward0>)"
1,"tensor(0.9431, dtype=torch.float64, grad_fn=<ExpBackward0>)","tensor(12.1945, dtype=torch.float64)","tensor(2.6341, dtype=torch.float64, grad_fn=<NegBackward0>)"
2,"tensor(0.9815, dtype=torch.float64, grad_fn=<ExpBackward0>)","tensor(5.7601, dtype=torch.float64)","tensor(1.9270, dtype=torch.float64, grad_fn=<NegBackward0>)"
3,"tensor(0.9037, dtype=torch.float64, grad_fn=<ExpBackward0>)","tensor(8.6465, dtype=torch.float64)","tensor(2.3578, dtype=torch.float64, grad_fn=<NegBackward0>)"
4,"tensor(0.9037, dtype=torch.float64, grad_fn=<ExpBackward0>)","tensor(6.0455, dtype=torch.float64)","tensor(2.0399, dtype=torch.float64, grad_fn=<NegBackward0>)"
5,"tensor(0.9242, dtype=torch.float64, grad_fn=<ExpBackward0>)","tensor(7.0153, dtype=torch.float64)","tensor(2.1506, dtype=torch.float64, grad_fn=<NegBackward0>)"
6,"tensor(0.9896, dtype=torch.float64, grad_fn=<ExpBackward0>)","tensor(5.2587, dtype=torch.float64)","tensor(1.8428, dtype=torch.float64, grad_fn=<NegBackward0>)"
7,"tensor(0.9091, dtype=torch.float64, grad_fn=<ExpBackward0>)","tensor(8.6157, dtype=torch.float64)","tensor(2.3492, dtype=torch.float64, grad_fn=<NegBackward0>)"
8,"tensor(0.9283, dtype=torch.float64, grad_fn=<ExpBackward0>)","tensor(12.8909, dtype=torch.float64)","tensor(2.7005, dtype=torch.float64, grad_fn=<NegBackward0>)"
9,"tensor(0.8753, dtype=torch.float64, grad_fn=<ExpBackward0>)","tensor(11.5013, dtype=torch.float64)","tensor(2.6490, dtype=torch.float64, grad_fn=<NegBackward0>)"
10,"tensor(0.8873, dtype=torch.float64, grad_fn=<ExpBackward0>)","tensor(10.5765, dtype=torch.float64)","tensor(2.5588, dtype=torch.float64, grad_fn=<NegBackward0>)"
11,"tensor(0.9348, dtype=torch.float64, grad_fn=<ExpBackward0>)","tensor(12.4061, dtype=torch.float64)","tensor(2.6583, dtype=torch.float64, grad_fn=<NegBackward0>)"
12,"tensor(0.9145, dtype=torch.float64, grad_fn=<ExpBackward0>)","tensor(9.5049, dtype=torch.float64)","tensor(2.4330, dtype=torch.float64, grad_fn=<NegBackward0>)"
13,"tensor(0.9495, dtype=torch.float64, grad_fn=<ExpBackward0>)","tensor(11.6842, dtype=torch.float64)","tensor(2.5882, dtype=torch.float64, grad_fn=<NegBackward0>)"
14,"tensor(0.8505, dtype=torch.float64, grad_fn=<ExpBackward0>)","tensor(18.7308, dtype=torch.float64)","tensor(3.1365, dtype=torch.float64, grad_fn=<NegBackward0>)"
15,"tensor(0.8722, dtype=torch.float64, grad_fn=<ExpBackward0>)","tensor(5.9605, dtype=torch.float64)","tensor(2.0585, dtype=torch.float64, grad_fn=<NegBackward0>)"
16,"tensor(0.9138, dtype=torch.float64, grad_fn=<ExpBackward0>)","tensor(6.6209, dtype=torch.float64)","tensor(2.1097, dtype=torch.float64, grad_fn=<NegBackward0>)"
17,"tensor(0.7400, dtype=torch.float64, grad_fn=<ExpBackward0>)","tensor(7.9380, dtype=torch.float64)","tensor(2.4619, dtype=torch.float64, grad_fn=<NegBackward0>)"
18,"tensor(0.6008, dtype=torch.float64, grad_fn=<ExpBackward0>)","tensor(18.7674, dtype=torch.float64)","tensor(3.4731, dtype=torch.float64, grad_fn=<NegBackward0>)"
19,"tensor(0.8863, dtype=torch.float64, grad_fn=<ExpBackward0>)","tensor(13.6560, dtype=torch.float64)","tensor(2.7978, dtype=torch.float64, grad_fn=<NegBackward0>)"
20,"tensor(0.9893, dtype=torch.float64, grad_fn=<ExpBackward0>)","tensor(8.6837, dtype=torch.float64)","tensor(2.2801, dtype=torch.float64, grad_fn=<NegBackward0>)"
21,"tensor(0.8854, dtype=torch.float64, grad_fn=<ExpBackward0>)","tensor(9.8107, dtype=torch.float64)","tensor(2.4916, dtype=torch.float64, grad_fn=<NegBackward0>)"
22,"tensor(0.9329, dtype=torch.float64, grad_fn=<ExpBackward0>)","tensor(15.8746, dtype=torch.float64)","tensor(2.8913, dtype=torch.float64, grad_fn=<NegBackward0>)"
23,"tensor(0.8625, dtype=torch.float64, grad_fn=<ExpBackward0>)","tensor(16.6470, dtype=torch.float64)","tensor(3.0106, dtype=torch.float64, grad_fn=<NegBackward0>)"
24,"tensor(0.8723, dtype=torch.float64, grad_fn=<ExpBackward0>)","tensor(4.4231, dtype=torch.float64)","tensor(1.8035, dtype=torch.float64, grad_fn=<NegBackward0>)"
25,"tensor(0.9894, dtype=torch.float64, grad_fn=<ExpBackward0>)","tensor(5.0378, dtype=torch.float64)","tensor(1.8070, dtype=torch.float64, grad_fn=<NegBackward0>)"
26,"tensor(0.9142, dtype=torch.float64, grad_fn=<ExpBackward0>)","tensor(12.1460, dtype=torch.float64)","tensor(2.6593, dtype=torch.float64, grad_fn=<NegBackward0>)"
27,"tensor(0.5381, dtype=torch.float64, grad_fn=<ExpBackward0>)","tensor(21.0192, dtype=torch.float64)","tensor(3.6904, dtype=torch.float64, grad_fn=<NegBackward0>)"
28,"tensor(0.5481, dtype=torch.float64, grad_fn=<ExpBackward0>)","tensor(8.9142, dtype=torch.float64)","tensor(2.8487, dtype=torch.float64, grad_fn=<NegBackward0>)"
29,"tensor(0.9898, dtype=torch.float64, grad_fn=<ExpBackward0>)","tensor(6.9185, dtype=torch.float64)","tensor(2.0782, dtype=torch.float64, grad_fn=<NegBackward0>)"
30,"tensor(0.9291, dtype=torch.float64, grad_fn=<ExpBackward0>)","tensor(15.7223, dtype=torch.float64)","tensor(2.8860, dtype=torch.float64, grad_fn=<NegBackward0>)"
31,"tensor(0.9532, dtype=torch.float64, grad_fn=<ExpBackward0>)","tensor(8.8032, dtype=torch.float64)","tensor(2.3259, dtype=torch.float64, grad_fn=<NegBackward0>)"
32,"tensor(0.9893, dtype=torch.float64, grad_fn=<ExpBackward0>)","tensor(5.9982, dtype=torch.float64)","tensor(1.9549, dtype=torch.float64, grad_fn=<NegBackward0>)"
33,"tensor(0.6739, dtype=torch.float64, grad_fn=<ExpBackward0>)","tensor(12.9944, dtype=torch.float64)","tensor(3.0097, dtype=torch.float64, grad_fn=<NegBackward0>)"
34,"tensor(0.9314, dtype=torch.float64, grad_fn=<ExpBackward0>)","tensor(25.4818, dtype=torch.float64)","tensor(3.3450, dtype=torch.float64, grad_fn=<NegBackward0>)"
35,"tensor(0.8629, dtype=torch.float64, grad_fn=<ExpBackward0>)","tensor(9.2642, dtype=torch.float64)","tensor(2.4627, dtype=torch.float64, grad_fn=<NegBackward0>)"
36,"tensor(0.9895, dtype=torch.float64, grad_fn=<ExpBackward0>)","tensor(8.2411, dtype=torch.float64)","tensor(2.2331, dtype=torch.float64, grad_fn=<NegBackward0>)"
37,"tensor(0.9897, dtype=torch.float64, grad_fn=<ExpBackward0>)","tensor(3.4136, dtype=torch.float64)","tensor(1.4927, dtype=torch.float64, grad_fn=<NegBackward0>)"
38,"tensor(0.9861, dtype=torch.float64, grad_fn=<ExpBackward0>)","tensor(5.8909, dtype=torch.float64)","tensor(1.9422, dtype=torch.float64, grad_fn=<NegBackward0>)"
39,"tensor(0.9889, dtype=torch.float64, grad_fn=<ExpBackward0>)","tensor(8.1762, dtype=torch.float64)","tensor(2.2265, dtype=torch.float64, grad_fn=<NegBackward0>)"
40,"tensor(0.9893, dtype=torch.float64, grad_fn=<ExpBackward0>)","tensor(4.5924, dtype=torch.float64)","tensor(1.7303, dtype=torch.float64, grad_fn=<NegBackward0>)"
41,"tensor(0.9896, dtype=torch.float64, grad_fn=<ExpBackward0>)","tensor(4.6528, dtype=torch.float64)","tensor(1.7408, dtype=torch.float64, grad_fn=<NegBackward0>)"
42,"tensor(0.9757, dtype=torch.float64, grad_fn=<ExpBackward0>)","tensor(14.3280, dtype=torch.float64)","tensor(2.7527, dtype=torch.float64, grad_fn=<NegBackward0>)"
43,"tensor(0.9893, dtype=torch.float64, grad_fn=<ExpBackward0>)","tensor(6.3796, dtype=torch.float64)","tensor(2.0080, dtype=torch.float64, grad_fn=<NegBackward0>)"
44,"tensor(0.9395, dtype=torch.float64, grad_fn=<ExpBackward0>)","tensor(8.7214, dtype=torch.float64)","tensor(2.3304, dtype=torch.float64, grad_fn=<NegBackward0>)"
45,"tensor(0.9652, dtype=torch.float64, grad_fn=<ExpBackward0>)","tensor(11.0708, dtype=torch.float64)","tensor(2.5233, dtype=torch.float64, grad_fn=<NegBackward0>)"
46,"tensor(0.6902, dtype=torch.float64, grad_fn=<ExpBackward0>)","tensor(14.8037, dtype=torch.float64)","tensor(3.1112, dtype=torch.float64, grad_fn=<NegBackward0>)"
47,"tensor(0.9287, dtype=torch.float64, grad_fn=<ExpBackward0>)","tensor(17.2070, dtype=torch.float64)","tensor(2.9719, dtype=torch.float64, grad_fn=<NegBackward0>)"
48,"tensor(0.9340, dtype=torch.float64, grad_fn=<ExpBackward0>)","tensor(12.6841, dtype=torch.float64)","tensor(2.6797, dtype=torch.float64, grad_fn=<NegBackward0>)"
49,"tensor(0.9894, dtype=torch.float64, grad_fn=<ExpBackward0>)","tensor(10.9325, dtype=torch.float64)","tensor(2.4891, dtype=torch.float64, grad_fn=<NegBackward0>)"
50,"tensor(0.9378, dtype=torch.float64, grad_fn=<ExpBackward0>)","tensor(6.5697, dtype=torch.float64)","tensor(2.0801, dtype=torch.float64, grad_fn=<NegBackward0>)"
51,"tensor(0.4012, dtype=torch.float64, grad_fn=<ExpBackward0>)","tensor(13.8987, dtype=torch.float64)","tensor(3.5736, dtype=torch.float64, grad_fn=<NegBackward0>)"
52,"tensor(0.8072, dtype=torch.float64, grad_fn=<ExpBackward0>)","tensor(12.0303, dtype=torch.float64)","tensor(2.7665, dtype=torch.float64, grad_fn=<NegBackward0>)"
53,"tensor(0.5278, dtype=torch.float64, grad_fn=<ExpBackward0>)","tensor(3.0913, dtype=torch.float64)","tensor(1.9253, dtype=torch.float64, grad_fn=<NegBackward0>)"
54,"tensor(0.8113, dtype=torch.float64, grad_fn=<ExpBackward0>)","tensor(5.7088, dtype=torch.float64)","tensor(2.0841, dtype=torch.float64, grad_fn=<NegBackward0>)"
55,"tensor(0.9432, dtype=torch.float64, grad_fn=<ExpBackward0>)","tensor(5.6072, dtype=torch.float64)","tensor(1.9380, dtype=torch.float64, grad_fn=<NegBackward0>)"
56,"tensor(0.9049, dtype=torch.float64, grad_fn=<ExpBackward0>)","tensor(5.9104, dtype=torch.float64)","tensor(2.0191, dtype=torch.float64, grad_fn=<NegBackward0>)"
57,"tensor(0.5032, dtype=torch.float64, grad_fn=<ExpBackward0>)","tensor(4.4047, dtype=torch.float64)","tensor(2.2777, dtype=torch.float64, grad_fn=<NegBackward0>)"
58,"tensor(0.9823, dtype=torch.float64, grad_fn=<ExpBackward0>)","tensor(2.3565, dtype=torch.float64)","tensor(1.2235, dtype=torch.float64, grad_fn=<NegBackward0>)"
59,"tensor(0.9429, dtype=torch.float64, grad_fn=<ExpBackward0>)","tensor(6.1700, dtype=torch.float64)","tensor(2.0207, dtype=torch.float64, grad_fn=<NegBackward0>)"
60,"tensor(0.9766, dtype=torch.float64, grad_fn=<ExpBackward0>)","tensor(4.7737, dtype=torch.float64)","tensor(1.7729, dtype=torch.float64, grad_fn=<NegBackward0>)"
61,"tensor(0.9176, dtype=torch.float64, grad_fn=<ExpBackward0>)","tensor(12.8837, dtype=torch.float64)","tensor(2.7108, dtype=torch.float64, grad_fn=<NegBackward0>)"
62,"tensor(0.6186, dtype=torch.float64, grad_fn=<ExpBackward0>)","tensor(17.4638, dtype=torch.float64)","tensor(3.3753, dtype=torch.float64, grad_fn=<NegBackward0>)"
63,"tensor(0.9327, dtype=torch.float64, grad_fn=<ExpBackward0>)","tensor(7.9095, dtype=torch.float64)","tensor(2.2492, dtype=torch.float64, grad_fn=<NegBackward0>)"
0,"tensor(0.9896, dtype=torch.float64, grad_fn=<ExpBackward0>)","tensor(10.0729, dtype=torch.float64)","tensor(2.4140, dtype=torch.float64, grad_fn=<NegBackward0>)"
1,"tensor(0.9821, dtype=torch.float64, grad_fn=<ExpBackward0>)","tensor(7.5240, dtype=torch.float64)","tensor(2.1588, dtype=torch.float64, grad_fn=<NegBackward0>)"
2,"tensor(0.9899, dtype=torch.float64, grad_fn=<ExpBackward0>)","tensor(5.6569, dtype=torch.float64)","tensor(1.9043, dtype=torch.float64, grad_fn=<NegBackward0>)"
3,"tensor(0.9884, dtype=torch.float64, grad_fn=<ExpBackward0>)","tensor(14.0438, dtype=torch.float64)","tensor(2.7218, dtype=torch.float64, grad_fn=<NegBackward0>)"
4,"tensor(0.7573, dtype=torch.float64, grad_fn=<ExpBackward0>)","tensor(6.3238, dtype=torch.float64)","tensor(2.2354, dtype=torch.float64, grad_fn=<NegBackward0>)"
5,"tensor(0.9750, dtype=torch.float64, grad_fn=<ExpBackward0>)","tensor(24.8280, dtype=torch.float64)","tensor(3.2758, dtype=torch.float64, grad_fn=<NegBackward0>)"
6,"tensor(0.9251, dtype=torch.float64, grad_fn=<ExpBackward0>)","tensor(20.4729, dtype=torch.float64)","tensor(3.1412, dtype=torch.float64, grad_fn=<NegBackward0>)"
7,"tensor(0.9899, dtype=torch.float64, grad_fn=<ExpBackward0>)","tensor(10.7645, dtype=torch.float64)","tensor(2.4744, dtype=torch.float64, grad_fn=<NegBackward0>)"
8,"tensor(0.4048, dtype=torch.float64, grad_fn=<ExpBackward0>)","tensor(10.5132, dtype=torch.float64)","tensor(3.2948, dtype=torch.float64, grad_fn=<NegBackward0>)"
9,"tensor(0.9566, dtype=torch.float64, grad_fn=<ExpBackward0>)","tensor(6.0507, dtype=torch.float64)","tensor(1.9914, dtype=torch.float64, grad_fn=<NegBackward0>)"
10,"tensor(0.9450, dtype=torch.float64, grad_fn=<ExpBackward0>)","tensor(11.8876, dtype=torch.float64)","tensor(2.6085, dtype=torch.float64, grad_fn=<NegBackward0>)"
11,"tensor(0.8386, dtype=torch.float64, grad_fn=<ExpBackward0>)","tensor(22.1700, dtype=torch.float64)","tensor(3.3119, dtype=torch.float64, grad_fn=<NegBackward0>)"
12,"tensor(0.9570, dtype=torch.float64, grad_fn=<ExpBackward0>)","tensor(11.8088, dtype=torch.float64)","tensor(2.5907, dtype=torch.float64, grad_fn=<NegBackward0>)"
13,"tensor(0.9714, dtype=torch.float64, grad_fn=<ExpBackward0>)","tensor(5.3167, dtype=torch.float64)","tensor(1.8676, dtype=torch.float64, grad_fn=<NegBackward0>)"
14,"tensor(0.8963, dtype=torch.float64, grad_fn=<ExpBackward0>)","tensor(7.3027, dtype=torch.float64)","tensor(2.2135, dtype=torch.float64, grad_fn=<NegBackward0>)"
15,"tensor(0.9816, dtype=torch.float64, grad_fn=<ExpBackward0>)","tensor(12.1321, dtype=torch.float64)","tensor(2.5922, dtype=torch.float64, grad_fn=<NegBackward0>)"
16,"tensor(0.9899, dtype=torch.float64, grad_fn=<ExpBackward0>)","tensor(5.8921, dtype=torch.float64)","tensor(1.9391, dtype=torch.float64, grad_fn=<NegBackward0>)"
17,"tensor(0.8381, dtype=torch.float64, grad_fn=<ExpBackward0>)","tensor(6.4943, dtype=torch.float64)","tensor(2.1690, dtype=torch.float64, grad_fn=<NegBackward0>)"
18,"tensor(0.7880, dtype=torch.float64, grad_fn=<ExpBackward0>)","tensor(7.2697, dtype=torch.float64)","tensor(2.3249, dtype=torch.float64, grad_fn=<NegBackward0>)"
19,"tensor(0.8346, dtype=torch.float64, grad_fn=<ExpBackward0>)","tensor(12.2899, dtype=torch.float64)","tensor(2.7553, dtype=torch.float64, grad_fn=<NegBackward0>)"
20,"tensor(0.9886, dtype=torch.float64, grad_fn=<ExpBackward0>)","tensor(3.3269, dtype=torch.float64)","tensor(1.4737, dtype=torch.float64, grad_fn=<NegBackward0>)"
21,"tensor(0.9898, dtype=torch.float64, grad_fn=<ExpBackward0>)","tensor(3.4697, dtype=torch.float64)","tensor(1.5053, dtype=torch.float64, grad_fn=<NegBackward0>)"
22,"tensor(0.9830, dtype=torch.float64, grad_fn=<ExpBackward0>)","tensor(3.2476, dtype=torch.float64)","tensor(1.4595, dtype=torch.float64, grad_fn=<NegBackward0>)"
23,"tensor(0.9896, dtype=torch.float64, grad_fn=<ExpBackward0>)","tensor(6.4792, dtype=torch.float64)","tensor(2.0212, dtype=torch.float64, grad_fn=<NegBackward0>)"
24,"tensor(0.9502, dtype=torch.float64, grad_fn=<ExpBackward0>)","tensor(6.9769, dtype=torch.float64)","tensor(2.1213, dtype=torch.float64, grad_fn=<NegBackward0>)"
25,"tensor(0.9401, dtype=torch.float64, grad_fn=<ExpBackward0>)","tensor(10.2138, dtype=torch.float64)","tensor(2.4736, dtype=torch.float64, grad_fn=<NegBackward0>)"
26,"tensor(0.5107, dtype=torch.float64, grad_fn=<ExpBackward0>)","tensor(8.6105, dtype=torch.float64)","tensor(2.8826, dtype=torch.float64, grad_fn=<NegBackward0>)"
27,"tensor(0.8659, dtype=torch.float64, grad_fn=<ExpBackward0>)","tensor(6.1792, dtype=torch.float64)","tensor(2.0964, dtype=torch.float64, grad_fn=<NegBackward0>)"
28,"tensor(0.8938, dtype=torch.float64, grad_fn=<ExpBackward0>)","tensor(6.8710, dtype=torch.float64)","tensor(2.1618, dtype=torch.float64, grad_fn=<NegBackward0>)"
29,"tensor(0.9486, dtype=torch.float64, grad_fn=<ExpBackward0>)","tensor(9.1199, dtype=torch.float64)","tensor(2.3621, dtype=torch.float64, grad_fn=<NegBackward0>)"
30,"tensor(0.9898, dtype=torch.float64, grad_fn=<ExpBackward0>)","tensor(2.0255, dtype=torch.float64)","tensor(1.1140, dtype=torch.float64, grad_fn=<NegBackward0>)"
31,"tensor(0.8001, dtype=torch.float64, grad_fn=<ExpBackward0>)","tensor(11.4948, dtype=torch.float64)","tensor(2.7322, dtype=torch.float64, grad_fn=<NegBackward0>)"
32,"tensor(0.9400, dtype=torch.float64, grad_fn=<ExpBackward0>)","tensor(11.8544, dtype=torch.float64)","tensor(2.6109, dtype=torch.float64, grad_fn=<NegBackward0>)"
33,"tensor(0.9077, dtype=torch.float64, grad_fn=<ExpBackward0>)","tensor(18.8007, dtype=torch.float64)","tensor(3.0779, dtype=torch.float64, grad_fn=<NegBackward0>)"
34,"tensor(0.9498, dtype=torch.float64, grad_fn=<ExpBackward0>)","tensor(14.1930, dtype=torch.float64)","tensor(2.7690, dtype=torch.float64, grad_fn=<NegBackward0>)"
35,"tensor(0.8706, dtype=torch.float64, grad_fn=<ExpBackward0>)","tensor(8.6666, dtype=torch.float64)","tensor(2.3938, dtype=torch.float64, grad_fn=<NegBackward0>)"
36,"tensor(0.9408, dtype=torch.float64, grad_fn=<ExpBackward0>)","tensor(12.2908, dtype=torch.float64)","tensor(2.6436, dtype=torch.float64, grad_fn=<NegBackward0>)"
37,"tensor(0.9895, dtype=torch.float64, grad_fn=<ExpBackward0>)","tensor(4.0341, dtype=torch.float64)","tensor(1.6247, dtype=torch.float64, grad_fn=<NegBackward0>)"
38,"tensor(0.9882, dtype=torch.float64, grad_fn=<ExpBackward0>)","tensor(7.6405, dtype=torch.float64)","tensor(2.1669, dtype=torch.float64, grad_fn=<NegBackward0>)"
39,"tensor(0.8344, dtype=torch.float64, grad_fn=<ExpBackward0>)","tensor(15.1973, dtype=torch.float64)","tensor(2.9556, dtype=torch.float64, grad_fn=<NegBackward0>)"
40,"tensor(0.8608, dtype=torch.float64, grad_fn=<ExpBackward0>)","tensor(3.8079, dtype=torch.float64)","tensor(1.6907, dtype=torch.float64, grad_fn=<NegBackward0>)"
41,"tensor(0.9681, dtype=torch.float64, grad_fn=<ExpBackward0>)","tensor(13.8304, dtype=torch.float64)","tensor(2.7269, dtype=torch.float64, grad_fn=<NegBackward0>)"
42,"tensor(0.9831, dtype=torch.float64, grad_fn=<ExpBackward0>)","tensor(13.4162, dtype=torch.float64)","tensor(2.6842, dtype=torch.float64, grad_fn=<NegBackward0>)"
43,"tensor(0.7757, dtype=torch.float64, grad_fn=<ExpBackward0>)","tensor(7.5145, dtype=torch.float64)","tensor(2.3691, dtype=torch.float64, grad_fn=<NegBackward0>)"
44,"tensor(0.9588, dtype=torch.float64, grad_fn=<ExpBackward0>)","tensor(6.3939, dtype=torch.float64)","tensor(2.0371, dtype=torch.float64, grad_fn=<NegBackward0>)"
45,"tensor(0.9899, dtype=torch.float64, grad_fn=<ExpBackward0>)","tensor(6.9826, dtype=torch.float64)","tensor(2.0862, dtype=torch.float64, grad_fn=<NegBackward0>)"
46,"tensor(0.8935, dtype=torch.float64, grad_fn=<ExpBackward0>)","tensor(9.8300, dtype=torch.float64)","tensor(2.4850, dtype=torch.float64, grad_fn=<NegBackward0>)"
47,"tensor(0.8455, dtype=torch.float64, grad_fn=<ExpBackward0>)","tensor(6.2835, dtype=torch.float64)","tensor(2.1320, dtype=torch.float64, grad_fn=<NegBackward0>)"
48,"tensor(0.8354, dtype=torch.float64, grad_fn=<ExpBackward0>)","tensor(17.0027, dtype=torch.float64)","tensor(3.0611, dtype=torch.float64, grad_fn=<NegBackward0>)"
49,"tensor(0.5304, dtype=torch.float64, grad_fn=<ExpBackward0>)","tensor(20.5510, dtype=torch.float64)","tensor(3.6825, dtype=torch.float64, grad_fn=<NegBackward0>)"
50,"tensor(0.9792, dtype=torch.float64, grad_fn=<ExpBackward0>)","tensor(7.8381, dtype=torch.float64)","tensor(2.1977, dtype=torch.float64, grad_fn=<NegBackward0>)"
51,"tensor(0.8294, dtype=torch.float64, grad_fn=<ExpBackward0>)","tensor(13.4044, dtype=torch.float64)","tensor(2.8427, dtype=torch.float64, grad_fn=<NegBackward0>)"
52,"tensor(0.8901, dtype=torch.float64, grad_fn=<ExpBackward0>)","tensor(12.0009, dtype=torch.float64)","tensor(2.6730, dtype=torch.float64, grad_fn=<NegBackward0>)"
53,"tensor(0.8855, dtype=torch.float64, grad_fn=<ExpBackward0>)","tensor(5.8461, dtype=torch.float64)","tensor(2.0284, dtype=torch.float64, grad_fn=<NegBackward0>)"
54,"tensor(0.9839, dtype=torch.float64, grad_fn=<ExpBackward0>)","tensor(3.1022, dtype=torch.float64)","tensor(1.4239, dtype=torch.float64, grad_fn=<NegBackward0>)"
55,"tensor(0.9846, dtype=torch.float64, grad_fn=<ExpBackward0>)","tensor(14.7714, dtype=torch.float64)","tensor(2.7727, dtype=torch.float64, grad_fn=<NegBackward0>)"
56,"tensor(0.9238, dtype=torch.float64, grad_fn=<ExpBackward0>)","tensor(4.8350, dtype=torch.float64)","tensor(1.8300, dtype=torch.float64, grad_fn=<NegBackward0>)"
57,"tensor(0.9334, dtype=torch.float64, grad_fn=<ExpBackward0>)","tensor(9.6517, dtype=torch.float64)","tensor(2.4283, dtype=torch.float64, grad_fn=<NegBackward0>)"
58,"tensor(0.9830, dtype=torch.float64, grad_fn=<ExpBackward0>)","tensor(6.4274, dtype=torch.float64)","tensor(2.0201, dtype=torch.float64, grad_fn=<NegBackward0>)"
59,"tensor(0.9899, dtype=torch.float64, grad_fn=<ExpBackward0>)","tensor(7.5369, dtype=torch.float64)","tensor(2.1534, dtype=torch.float64, grad_fn=<NegBackward0>)"
60,"tensor(0.9864, dtype=torch.float64, grad_fn=<ExpBackward0>)","tensor(6.2704, dtype=torch.float64)","tensor(1.9956, dtype=torch.float64, grad_fn=<NegBackward0>)"
61,"tensor(0.8346, dtype=torch.float64, grad_fn=<ExpBackward0>)","tensor(11.5688, dtype=torch.float64)","tensor(2.6988, dtype=torch.float64, grad_fn=<NegBackward0>)"
62,"tensor(0.5839, dtype=torch.float64, grad_fn=<ExpBackward0>)","tensor(4.9434, dtype=torch.float64)","tensor(2.2477, dtype=torch.float64, grad_fn=<NegBackward0>)"
63,"tensor(0.9406, dtype=torch.float64, grad_fn=<ExpBackward0>)","tensor(9.1291, dtype=torch.float64)","tensor(2.3708, dtype=torch.float64, grad_fn=<NegBackward0>)"
0,"tensor(0.8743, dtype=torch.float64, grad_fn=<ExpBackward0>)","tensor(7.3322, dtype=torch.float64)","tensor(2.2393, dtype=torch.float64, grad_fn=<NegBackward0>)"
1,"tensor(0.9900, dtype=torch.float64, grad_fn=<ExpBackward0>)","tensor(7.7067, dtype=torch.float64)","tensor(2.1730, dtype=torch.float64, grad_fn=<NegBackward0>)"
2,"tensor(0.7935, dtype=torch.float64, grad_fn=<ExpBackward0>)","tensor(12.9701, dtype=torch.float64)","tensor(2.8533, dtype=torch.float64, grad_fn=<NegBackward0>)"
3,"tensor(0.9830, dtype=torch.float64, grad_fn=<ExpBackward0>)","tensor(13.6943, dtype=torch.float64)","tensor(2.7034, dtype=torch.float64, grad_fn=<NegBackward0>)"
4,"tensor(0.8789, dtype=torch.float64, grad_fn=<ExpBackward0>)","tensor(8.5446, dtype=torch.float64)","tensor(2.3722, dtype=torch.float64, grad_fn=<NegBackward0>)"
5,"tensor(0.9807, dtype=torch.float64, grad_fn=<ExpBackward0>)","tensor(9.9900, dtype=torch.float64)","tensor(2.4148, dtype=torch.float64, grad_fn=<NegBackward0>)"
6,"tensor(0.7850, dtype=torch.float64, grad_fn=<ExpBackward0>)","tensor(14.6386, dtype=torch.float64)","tensor(2.9780, dtype=torch.float64, grad_fn=<NegBackward0>)"
7,"tensor(0.9881, dtype=torch.float64, grad_fn=<ExpBackward0>)","tensor(9.0033, dtype=torch.float64)","tensor(2.3137, dtype=torch.float64, grad_fn=<NegBackward0>)"
8,"tensor(0.9758, dtype=torch.float64, grad_fn=<ExpBackward0>)","tensor(2.6932, dtype=torch.float64)","tensor(1.3244, dtype=torch.float64, grad_fn=<NegBackward0>)"
9,"tensor(0.7537, dtype=torch.float64, grad_fn=<ExpBackward0>)","tensor(27.0781, dtype=torch.float64)","tensor(3.6090, dtype=torch.float64, grad_fn=<NegBackward0>)"
10,"tensor(0.9661, dtype=torch.float64, grad_fn=<ExpBackward0>)","tensor(11.5549, dtype=torch.float64)","tensor(2.5619, dtype=torch.float64, grad_fn=<NegBackward0>)"
11,"tensor(0.8162, dtype=torch.float64, grad_fn=<ExpBackward0>)","tensor(9.3170, dtype=torch.float64)","tensor(2.5189, dtype=torch.float64, grad_fn=<NegBackward0>)"
12,"tensor(0.3774, dtype=torch.float64, grad_fn=<ExpBackward0>)","tensor(5.4678, dtype=torch.float64)","tensor(2.7401, dtype=torch.float64, grad_fn=<NegBackward0>)"
13,"tensor(0.5124, dtype=torch.float64, grad_fn=<ExpBackward0>)","tensor(10.4943, dtype=torch.float64)","tensor(3.0671, dtype=torch.float64, grad_fn=<NegBackward0>)"
14,"tensor(0.9863, dtype=torch.float64, grad_fn=<ExpBackward0>)","tensor(9.3206, dtype=torch.float64)","tensor(2.3466, dtype=torch.float64, grad_fn=<NegBackward0>)"
15,"tensor(0.9775, dtype=torch.float64, grad_fn=<ExpBackward0>)","tensor(4.7884, dtype=torch.float64)","tensor(1.7747, dtype=torch.float64, grad_fn=<NegBackward0>)"
16,"tensor(0.8198, dtype=torch.float64, grad_fn=<ExpBackward0>)","tensor(3.7919, dtype=torch.float64)","tensor(1.7273, dtype=torch.float64, grad_fn=<NegBackward0>)"
17,"tensor(0.7875, dtype=torch.float64, grad_fn=<ExpBackward0>)","tensor(6.5011, dtype=torch.float64)","tensor(2.2252, dtype=torch.float64, grad_fn=<NegBackward0>)"
18,"tensor(0.8386, dtype=torch.float64, grad_fn=<ExpBackward0>)","tensor(11.1403, dtype=torch.float64)","tensor(2.6592, dtype=torch.float64, grad_fn=<NegBackward0>)"
19,"tensor(0.8502, dtype=torch.float64, grad_fn=<ExpBackward0>)","tensor(10.6403, dtype=torch.float64)","tensor(2.6038, dtype=torch.float64, grad_fn=<NegBackward0>)"
20,"tensor(0.9899, dtype=torch.float64, grad_fn=<ExpBackward0>)","tensor(4.5310, dtype=torch.float64)","tensor(1.7187, dtype=torch.float64, grad_fn=<NegBackward0>)"
21,"tensor(0.9899, dtype=torch.float64, grad_fn=<ExpBackward0>)","tensor(6.9691, dtype=torch.float64)","tensor(2.0844, dtype=torch.float64, grad_fn=<NegBackward0>)"
22,"tensor(0.8649, dtype=torch.float64, grad_fn=<ExpBackward0>)","tensor(21.7289, dtype=torch.float64)","tensor(3.2628, dtype=torch.float64, grad_fn=<NegBackward0>)"
23,"tensor(0.7347, dtype=torch.float64, grad_fn=<ExpBackward0>)","tensor(6.1284, dtype=torch.float64)","tensor(2.2345, dtype=torch.float64, grad_fn=<NegBackward0>)"
24,"tensor(0.9773, dtype=torch.float64, grad_fn=<ExpBackward0>)","tensor(4.8876, dtype=torch.float64)","tensor(1.7919, dtype=torch.float64, grad_fn=<NegBackward0>)"
25,"tensor(0.9900, dtype=torch.float64, grad_fn=<ExpBackward0>)","tensor(4.6124, dtype=torch.float64)","tensor(1.7333, dtype=torch.float64, grad_fn=<NegBackward0>)"
26,"tensor(0.9520, dtype=torch.float64, grad_fn=<ExpBackward0>)","tensor(8.6130, dtype=torch.float64)","tensor(2.3073, dtype=torch.float64, grad_fn=<NegBackward0>)"
27,"tensor(0.4607, dtype=torch.float64, grad_fn=<ExpBackward0>)","tensor(13.7914, dtype=torch.float64)","tensor(3.4319, dtype=torch.float64, grad_fn=<NegBackward0>)"
28,"tensor(0.6145, dtype=torch.float64, grad_fn=<ExpBackward0>)","tensor(11.6900, dtype=torch.float64)","tensor(2.9970, dtype=torch.float64, grad_fn=<NegBackward0>)"
29,"tensor(0.9721, dtype=torch.float64, grad_fn=<ExpBackward0>)","tensor(3.7880, dtype=torch.float64)","tensor(1.5885, dtype=torch.float64, grad_fn=<NegBackward0>)"
30,"tensor(0.8986, dtype=torch.float64, grad_fn=<ExpBackward0>)","tensor(16.3699, dtype=torch.float64)","tensor(2.9558, dtype=torch.float64, grad_fn=<NegBackward0>)"
31,"tensor(0.8049, dtype=torch.float64, grad_fn=<ExpBackward0>)","tensor(4.2831, dtype=torch.float64)","tensor(1.8439, dtype=torch.float64, grad_fn=<NegBackward0>)"
32,"tensor(0.8149, dtype=torch.float64, grad_fn=<ExpBackward0>)","tensor(15.5341, dtype=torch.float64)","tensor(2.9989, dtype=torch.float64, grad_fn=<NegBackward0>)"
33,"tensor(0.5326, dtype=torch.float64, grad_fn=<ExpBackward0>)","tensor(6.4909, dtype=torch.float64)","tensor(2.5793, dtype=torch.float64, grad_fn=<NegBackward0>)"
34,"tensor(0.9733, dtype=torch.float64, grad_fn=<ExpBackward0>)","tensor(7.9634, dtype=torch.float64)","tensor(2.2173, dtype=torch.float64, grad_fn=<NegBackward0>)"
35,"tensor(0.8155, dtype=torch.float64, grad_fn=<ExpBackward0>)","tensor(8.4406, dtype=torch.float64)","tensor(2.4293, dtype=torch.float64, grad_fn=<NegBackward0>)"
36,"tensor(0.7998, dtype=torch.float64, grad_fn=<ExpBackward0>)","tensor(3.9300, dtype=torch.float64)","tensor(1.7773, dtype=torch.float64, grad_fn=<NegBackward0>)"
37,"tensor(0.7857, dtype=torch.float64, grad_fn=<ExpBackward0>)","tensor(21.1198, dtype=torch.float64)","tensor(3.3279, dtype=torch.float64, grad_fn=<NegBackward0>)"
38,"tensor(0.8353, dtype=torch.float64, grad_fn=<ExpBackward0>)","tensor(8.9307, dtype=torch.float64)","tensor(2.4588, dtype=torch.float64, grad_fn=<NegBackward0>)"
39,"tensor(0.3996, dtype=torch.float64, grad_fn=<ExpBackward0>)","tensor(12.3743, dtype=torch.float64)","tensor(3.4648, dtype=torch.float64, grad_fn=<NegBackward0>)"
40,"tensor(0.9695, dtype=torch.float64, grad_fn=<ExpBackward0>)","tensor(12.9312, dtype=torch.float64)","tensor(2.6629, dtype=torch.float64, grad_fn=<NegBackward0>)"
41,"tensor(0.9900, dtype=torch.float64, grad_fn=<ExpBackward0>)","tensor(8.6546, dtype=torch.float64)","tensor(2.2765, dtype=torch.float64, grad_fn=<NegBackward0>)"
42,"tensor(0.9070, dtype=torch.float64, grad_fn=<ExpBackward0>)","tensor(12.9213, dtype=torch.float64)","tensor(2.7243, dtype=torch.float64, grad_fn=<NegBackward0>)"
43,"tensor(0.7458, dtype=torch.float64, grad_fn=<ExpBackward0>)","tensor(14.1520, dtype=torch.float64)","tensor(2.9945, dtype=torch.float64, grad_fn=<NegBackward0>)"
44,"tensor(0.9900, dtype=torch.float64, grad_fn=<ExpBackward0>)","tensor(12.9852, dtype=torch.float64)","tensor(2.6473, dtype=torch.float64, grad_fn=<NegBackward0>)"
45,"tensor(0.9248, dtype=torch.float64, grad_fn=<ExpBackward0>)","tensor(19.7715, dtype=torch.float64)","tensor(3.1081, dtype=torch.float64, grad_fn=<NegBackward0>)"
46,"tensor(0.9883, dtype=torch.float64, grad_fn=<ExpBackward0>)","tensor(5.0869, dtype=torch.float64)","tensor(1.8160, dtype=torch.float64, grad_fn=<NegBackward0>)"
47,"tensor(0.9900, dtype=torch.float64, grad_fn=<ExpBackward0>)","tensor(8.5746, dtype=torch.float64)","tensor(2.2681, dtype=torch.float64, grad_fn=<NegBackward0>)"
48,"tensor(0.9399, dtype=torch.float64, grad_fn=<ExpBackward0>)","tensor(4.6457, dtype=torch.float64)","tensor(1.7821, dtype=torch.float64, grad_fn=<NegBackward0>)"
49,"tensor(0.9737, dtype=torch.float64, grad_fn=<ExpBackward0>)","tensor(7.7887, dtype=torch.float64)","tensor(2.1971, dtype=torch.float64, grad_fn=<NegBackward0>)"
50,"tensor(0.8844, dtype=torch.float64, grad_fn=<ExpBackward0>)","tensor(10.0522, dtype=torch.float64)","tensor(2.5150, dtype=torch.float64, grad_fn=<NegBackward0>)"
51,"tensor(0.8879, dtype=torch.float64, grad_fn=<ExpBackward0>)","tensor(10.8012, dtype=torch.float64)","tensor(2.5776, dtype=torch.float64, grad_fn=<NegBackward0>)"
52,"tensor(0.8987, dtype=torch.float64, grad_fn=<ExpBackward0>)","tensor(6.1620, dtype=torch.float64)","tensor(2.0614, dtype=torch.float64, grad_fn=<NegBackward0>)"
53,"tensor(0.9869, dtype=torch.float64, grad_fn=<ExpBackward0>)","tensor(8.6592, dtype=torch.float64)","tensor(2.2798, dtype=torch.float64, grad_fn=<NegBackward0>)"
54,"tensor(0.8079, dtype=torch.float64, grad_fn=<ExpBackward0>)","tensor(16.0423, dtype=torch.float64)","tensor(3.0376, dtype=torch.float64, grad_fn=<NegBackward0>)"
55,"tensor(0.9899, dtype=torch.float64, grad_fn=<ExpBackward0>)","tensor(1.8437, dtype=torch.float64)","tensor(1.0517, dtype=torch.float64, grad_fn=<NegBackward0>)"
56,"tensor(0.9831, dtype=torch.float64, grad_fn=<ExpBackward0>)","tensor(11.5882, dtype=torch.float64)","tensor(2.5485, dtype=torch.float64, grad_fn=<NegBackward0>)"
57,"tensor(0.9855, dtype=torch.float64, grad_fn=<ExpBackward0>)","tensor(8.9149, dtype=torch.float64)","tensor(2.3072, dtype=torch.float64, grad_fn=<NegBackward0>)"
58,"tensor(0.9622, dtype=torch.float64, grad_fn=<ExpBackward0>)","tensor(5.7120, dtype=torch.float64)","tensor(1.9368, dtype=torch.float64, grad_fn=<NegBackward0>)"
59,"tensor(0.9015, dtype=torch.float64, grad_fn=<ExpBackward0>)","tensor(7.5351, dtype=torch.float64)","tensor(2.2363, dtype=torch.float64, grad_fn=<NegBackward0>)"
60,"tensor(0.5812, dtype=torch.float64, grad_fn=<ExpBackward0>)","tensor(7.5309, dtype=torch.float64)","tensor(2.6360, dtype=torch.float64, grad_fn=<NegBackward0>)"
61,"tensor(0.5667, dtype=torch.float64, grad_fn=<ExpBackward0>)","tensor(1.6066, dtype=torch.float64)","tensor(1.3442, dtype=torch.float64, grad_fn=<NegBackward0>)"
62,"tensor(0.9900, dtype=torch.float64, grad_fn=<ExpBackward0>)","tensor(13.7825, dtype=torch.float64)","tensor(2.7028, dtype=torch.float64, grad_fn=<NegBackward0>)"
63,"tensor(0.5647, dtype=torch.float64, grad_fn=<ExpBackward0>)","tensor(9.6356, dtype=torch.float64)","tensor(2.8939, dtype=torch.float64, grad_fn=<NegBackward0>)"
0,"tensor(0.9900, dtype=torch.float64, grad_fn=<ExpBackward0>)","tensor(14.0085, dtype=torch.float64)","tensor(2.7180, dtype=torch.float64, grad_fn=<NegBackward0>)"
1,"tensor(0.9880, dtype=torch.float64, grad_fn=<ExpBackward0>)","tensor(8.3834, dtype=torch.float64)","tensor(2.2498, dtype=torch.float64, grad_fn=<NegBackward0>)"
2,"tensor(0.8867, dtype=torch.float64, grad_fn=<ExpBackward0>)","tensor(28.9979, dtype=torch.float64)","tensor(3.5176, dtype=torch.float64, grad_fn=<NegBackward0>)"
3,"tensor(0.9254, dtype=torch.float64, grad_fn=<ExpBackward0>)","tensor(11.8478, dtype=torch.float64)","tensor(2.6249, dtype=torch.float64, grad_fn=<NegBackward0>)"
4,"tensor(0.9900, dtype=torch.float64, grad_fn=<ExpBackward0>)","tensor(9.5208, dtype=torch.float64)","tensor(2.3625, dtype=torch.float64, grad_fn=<NegBackward0>)"
5,"tensor(0.9347, dtype=torch.float64, grad_fn=<ExpBackward0>)","tensor(14.7412, dtype=torch.float64)","tensor(2.8196, dtype=torch.float64, grad_fn=<NegBackward0>)"
6,"tensor(0.9862, dtype=torch.float64, grad_fn=<ExpBackward0>)","tensor(4.4585, dtype=torch.float64)","tensor(1.7085, dtype=torch.float64, grad_fn=<NegBackward0>)"
7,"tensor(0.7941, dtype=torch.float64, grad_fn=<ExpBackward0>)","tensor(6.1924, dtype=torch.float64)","tensor(2.1746, dtype=torch.float64, grad_fn=<NegBackward0>)"
8,"tensor(0.9405, dtype=torch.float64, grad_fn=<ExpBackward0>)","tensor(10.0613, dtype=torch.float64)","tensor(2.4594, dtype=torch.float64, grad_fn=<NegBackward0>)"
9,"tensor(0.9704, dtype=torch.float64, grad_fn=<ExpBackward0>)","tensor(7.7504, dtype=torch.float64)","tensor(2.1957, dtype=torch.float64, grad_fn=<NegBackward0>)"
10,"tensor(0.9900, dtype=torch.float64, grad_fn=<ExpBackward0>)","tensor(4.8247, dtype=torch.float64)","tensor(1.7704, dtype=torch.float64, grad_fn=<NegBackward0>)"
11,"tensor(0.9321, dtype=torch.float64, grad_fn=<ExpBackward0>)","tensor(10.8772, dtype=torch.float64)","tensor(2.5392, dtype=torch.float64, grad_fn=<NegBackward0>)"
12,"tensor(0.9142, dtype=torch.float64, grad_fn=<ExpBackward0>)","tensor(15.7675, dtype=torch.float64)","tensor(2.9040, dtype=torch.float64, grad_fn=<NegBackward0>)"
13,"tensor(0.9414, dtype=torch.float64, grad_fn=<ExpBackward0>)","tensor(9.5932, dtype=torch.float64)","tensor(2.4150, dtype=torch.float64, grad_fn=<NegBackward0>)"
14,"tensor(0.6240, dtype=torch.float64, grad_fn=<ExpBackward0>)","tensor(10.9483, dtype=torch.float64)","tensor(2.9202, dtype=torch.float64, grad_fn=<NegBackward0>)"
15,"tensor(0.7795, dtype=torch.float64, grad_fn=<ExpBackward0>)","tensor(16.5738, dtype=torch.float64)","tensor(3.1029, dtype=torch.float64, grad_fn=<NegBackward0>)"
16,"tensor(0.9660, dtype=torch.float64, grad_fn=<ExpBackward0>)","tensor(11.5714, dtype=torch.float64)","tensor(2.5633, dtype=torch.float64, grad_fn=<NegBackward0>)"
17,"tensor(0.9900, dtype=torch.float64, grad_fn=<ExpBackward0>)","tensor(3.9076, dtype=torch.float64)","tensor(1.5988, dtype=torch.float64, grad_fn=<NegBackward0>)"
18,"tensor(0.8421, dtype=torch.float64, grad_fn=<ExpBackward0>)","tensor(10.7363, dtype=torch.float64)","tensor(2.6210, dtype=torch.float64, grad_fn=<NegBackward0>)"
19,"tensor(0.7667, dtype=torch.float64, grad_fn=<ExpBackward0>)","tensor(9.2927, dtype=torch.float64)","tensor(2.5741, dtype=torch.float64, grad_fn=<NegBackward0>)"
20,"tensor(0.4994, dtype=torch.float64, grad_fn=<ExpBackward0>)","tensor(15.3775, dtype=torch.float64)","tensor(3.4593, dtype=torch.float64, grad_fn=<NegBackward0>)"
21,"tensor(0.8404, dtype=torch.float64, grad_fn=<ExpBackward0>)","tensor(3.7826, dtype=torch.float64)","tensor(1.7049, dtype=torch.float64, grad_fn=<NegBackward0>)"
22,"tensor(0.9333, dtype=torch.float64, grad_fn=<ExpBackward0>)","tensor(8.6696, dtype=torch.float64)","tensor(2.3311, dtype=torch.float64, grad_fn=<NegBackward0>)"
23,"tensor(0.8674, dtype=torch.float64, grad_fn=<ExpBackward0>)","tensor(12.3670, dtype=torch.float64)","tensor(2.7251, dtype=torch.float64, grad_fn=<NegBackward0>)"
24,"tensor(0.9551, dtype=torch.float64, grad_fn=<ExpBackward0>)","tensor(9.0036, dtype=torch.float64)","tensor(2.3444, dtype=torch.float64, grad_fn=<NegBackward0>)"
25,"tensor(0.7226, dtype=torch.float64, grad_fn=<ExpBackward0>)","tensor(7.8792, dtype=torch.float64)","tensor(2.4769, dtype=torch.float64, grad_fn=<NegBackward0>)"
26,"tensor(0.7436, dtype=torch.float64, grad_fn=<ExpBackward0>)","tensor(22.9123, dtype=torch.float64)","tensor(3.4598, dtype=torch.float64, grad_fn=<NegBackward0>)"
27,"tensor(0.9899, dtype=torch.float64, grad_fn=<ExpBackward0>)","tensor(10.1738, dtype=torch.float64)","tensor(2.4228, dtype=torch.float64, grad_fn=<NegBackward0>)"
28,"tensor(0.9499, dtype=torch.float64, grad_fn=<ExpBackward0>)","tensor(10.5314, dtype=torch.float64)","tensor(2.4921, dtype=torch.float64, grad_fn=<NegBackward0>)"
29,"tensor(0.9562, dtype=torch.float64, grad_fn=<ExpBackward0>)","tensor(8.2424, dtype=torch.float64)","tensor(2.2639, dtype=torch.float64, grad_fn=<NegBackward0>)"
30,"tensor(0.6956, dtype=torch.float64, grad_fn=<ExpBackward0>)","tensor(10.6159, dtype=torch.float64)","tensor(2.7888, dtype=torch.float64, grad_fn=<NegBackward0>)"
31,"tensor(0.9882, dtype=torch.float64, grad_fn=<ExpBackward0>)","tensor(7.8151, dtype=torch.float64)","tensor(2.1870, dtype=torch.float64, grad_fn=<NegBackward0>)"
32,"tensor(0.9899, dtype=torch.float64, grad_fn=<ExpBackward0>)","tensor(6.4303, dtype=torch.float64)","tensor(2.0143, dtype=torch.float64, grad_fn=<NegBackward0>)"
33,"tensor(0.9371, dtype=torch.float64, grad_fn=<ExpBackward0>)","tensor(9.0454, dtype=torch.float64)","tensor(2.3658, dtype=torch.float64, grad_fn=<NegBackward0>)"
34,"tensor(0.9788, dtype=torch.float64, grad_fn=<ExpBackward0>)","tensor(4.4546, dtype=torch.float64)","tensor(1.7140, dtype=torch.float64, grad_fn=<NegBackward0>)"
35,"tensor(0.9784, dtype=torch.float64, grad_fn=<ExpBackward0>)","tensor(7.6646, dtype=torch.float64)","tensor(2.1786, dtype=torch.float64, grad_fn=<NegBackward0>)"
36,"tensor(0.9615, dtype=torch.float64, grad_fn=<ExpBackward0>)","tensor(5.7515, dtype=torch.float64)","tensor(1.9433, dtype=torch.float64, grad_fn=<NegBackward0>)"
37,"tensor(0.8929, dtype=torch.float64, grad_fn=<ExpBackward0>)","tensor(11.6186, dtype=torch.float64)","tensor(2.6399, dtype=torch.float64, grad_fn=<NegBackward0>)"
38,"tensor(0.8478, dtype=torch.float64, grad_fn=<ExpBackward0>)","tensor(21.3875, dtype=torch.float64)","tensor(3.2668, dtype=torch.float64, grad_fn=<NegBackward0>)"
39,"tensor(0.8774, dtype=torch.float64, grad_fn=<ExpBackward0>)","tensor(12.7538, dtype=torch.float64)","tensor(2.7431, dtype=torch.float64, grad_fn=<NegBackward0>)"
40,"tensor(0.9900, dtype=torch.float64, grad_fn=<ExpBackward0>)","tensor(5.0969, dtype=torch.float64)","tensor(1.8162, dtype=torch.float64, grad_fn=<NegBackward0>)"
41,"tensor(0.9650, dtype=torch.float64, grad_fn=<ExpBackward0>)","tensor(2.7141, dtype=torch.float64)","tensor(1.3382, dtype=torch.float64, grad_fn=<NegBackward0>)"
42,"tensor(0.5421, dtype=torch.float64, grad_fn=<ExpBackward0>)","tensor(4.1729, dtype=torch.float64)","tensor(2.1630, dtype=torch.float64, grad_fn=<NegBackward0>)"
43,"tensor(0.8365, dtype=torch.float64, grad_fn=<ExpBackward0>)","tensor(43.4557, dtype=torch.float64)","tensor(3.9693, dtype=torch.float64, grad_fn=<NegBackward0>)"
44,"tensor(0.9580, dtype=torch.float64, grad_fn=<ExpBackward0>)","tensor(11.2043, dtype=torch.float64)","tensor(2.5413, dtype=torch.float64, grad_fn=<NegBackward0>)"
45,"tensor(0.9900, dtype=torch.float64, grad_fn=<ExpBackward0>)","tensor(5.7042, dtype=torch.float64)","tensor(1.9113, dtype=torch.float64, grad_fn=<NegBackward0>)"
46,"tensor(0.9518, dtype=torch.float64, grad_fn=<ExpBackward0>)","tensor(10.6449, dtype=torch.float64)","tensor(2.5001, dtype=torch.float64, grad_fn=<NegBackward0>)"
47,"tensor(0.9900, dtype=torch.float64, grad_fn=<ExpBackward0>)","tensor(7.1209, dtype=torch.float64)","tensor(2.1033, dtype=torch.float64, grad_fn=<NegBackward0>)"
48,"tensor(0.9711, dtype=torch.float64, grad_fn=<ExpBackward0>)","tensor(14.1566, dtype=torch.float64)","tensor(2.7458, dtype=torch.float64, grad_fn=<NegBackward0>)"
49,"tensor(0.5209, dtype=torch.float64, grad_fn=<ExpBackward0>)","tensor(20.8624, dtype=torch.float64)","tensor(3.7148, dtype=torch.float64, grad_fn=<NegBackward0>)"
50,"tensor(0.9900, dtype=torch.float64, grad_fn=<ExpBackward0>)","tensor(4.1018, dtype=torch.float64)","tensor(1.6377, dtype=torch.float64, grad_fn=<NegBackward0>)"
51,"tensor(0.8673, dtype=torch.float64, grad_fn=<ExpBackward0>)","tensor(10.2038, dtype=torch.float64)","tensor(2.5467, dtype=torch.float64, grad_fn=<NegBackward0>)"
52,"tensor(0.9213, dtype=torch.float64, grad_fn=<ExpBackward0>)","tensor(16.7472, dtype=torch.float64)","tensor(2.9537, dtype=torch.float64, grad_fn=<NegBackward0>)"
53,"tensor(0.9621, dtype=torch.float64, grad_fn=<ExpBackward0>)","tensor(9.0761, dtype=torch.float64)","tensor(2.3451, dtype=torch.float64, grad_fn=<NegBackward0>)"
54,"tensor(0.9579, dtype=torch.float64, grad_fn=<ExpBackward0>)","tensor(8.5465, dtype=torch.float64)","tensor(2.2948, dtype=torch.float64, grad_fn=<NegBackward0>)"
55,"tensor(0.9854, dtype=torch.float64, grad_fn=<ExpBackward0>)","tensor(18.3426, dtype=torch.float64)","tensor(2.9763, dtype=torch.float64, grad_fn=<NegBackward0>)"
56,"tensor(0.5828, dtype=torch.float64, grad_fn=<ExpBackward0>)","tensor(5.5559, dtype=torch.float64)","tensor(2.3545, dtype=torch.float64, grad_fn=<NegBackward0>)"
57,"tensor(0.9376, dtype=torch.float64, grad_fn=<ExpBackward0>)","tensor(18.2527, dtype=torch.float64)","tensor(3.0188, dtype=torch.float64, grad_fn=<NegBackward0>)"
58,"tensor(0.9449, dtype=torch.float64, grad_fn=<ExpBackward0>)","tensor(9.3026, dtype=torch.float64)","tensor(2.3837, dtype=torch.float64, grad_fn=<NegBackward0>)"
59,"tensor(0.7336, dtype=torch.float64, grad_fn=<ExpBackward0>)","tensor(15.7109, dtype=torch.float64)","tensor(3.1098, dtype=torch.float64, grad_fn=<NegBackward0>)"
60,"tensor(0.8472, dtype=torch.float64, grad_fn=<ExpBackward0>)","tensor(6.4145, dtype=torch.float64)","tensor(2.1484, dtype=torch.float64, grad_fn=<NegBackward0>)"
61,"tensor(0.8933, dtype=torch.float64, grad_fn=<ExpBackward0>)","tensor(17.7422, dtype=torch.float64)","tensor(3.0379, dtype=torch.float64, grad_fn=<NegBackward0>)"
62,"tensor(0.8274, dtype=torch.float64, grad_fn=<ExpBackward0>)","tensor(9.3979, dtype=torch.float64)","tensor(2.5143, dtype=torch.float64, grad_fn=<NegBackward0>)"
63,"tensor(0.9899, dtype=torch.float64, grad_fn=<ExpBackward0>)","tensor(2.7608, dtype=torch.float64)","tensor(1.3321, dtype=torch.float64, grad_fn=<NegBackward0>)"
0,"tensor(0.9900, dtype=torch.float64, grad_fn=<ExpBackward0>)","tensor(4.7013, dtype=torch.float64)","tensor(1.7490, dtype=torch.float64, grad_fn=<NegBackward0>)"
1,"tensor(0.5533, dtype=torch.float64, grad_fn=<ExpBackward0>)","tensor(6.2710, dtype=torch.float64)","tensor(2.5124, dtype=torch.float64, grad_fn=<NegBackward0>)"
2,"tensor(0.9900, dtype=torch.float64, grad_fn=<ExpBackward0>)","tensor(7.2667, dtype=torch.float64)","tensor(2.1211, dtype=torch.float64, grad_fn=<NegBackward0>)"
3,"tensor(0.8567, dtype=torch.float64, grad_fn=<ExpBackward0>)","tensor(8.5712, dtype=torch.float64)","tensor(2.3983, dtype=torch.float64, grad_fn=<NegBackward0>)"
4,"tensor(0.7794, dtype=torch.float64, grad_fn=<ExpBackward0>)","tensor(16.3680, dtype=torch.float64)","tensor(3.0911, dtype=torch.float64, grad_fn=<NegBackward0>)"
5,"tensor(0.8018, dtype=torch.float64, grad_fn=<ExpBackward0>)","tensor(10.8420, dtype=torch.float64)","tensor(2.6756, dtype=torch.float64, grad_fn=<NegBackward0>)"
6,"tensor(0.7818, dtype=torch.float64, grad_fn=<ExpBackward0>)","tensor(9.0567, dtype=torch.float64)","tensor(2.5325, dtype=torch.float64, grad_fn=<NegBackward0>)"
7,"tensor(0.7145, dtype=torch.float64, grad_fn=<ExpBackward0>)","tensor(6.4631, dtype=torch.float64)","tensor(2.3071, dtype=torch.float64, grad_fn=<NegBackward0>)"
8,"tensor(0.9310, dtype=torch.float64, grad_fn=<ExpBackward0>)","tensor(19.5717, dtype=torch.float64)","tensor(3.0921, dtype=torch.float64, grad_fn=<NegBackward0>)"
9,"tensor(0.9900, dtype=torch.float64, grad_fn=<ExpBackward0>)","tensor(9.0453, dtype=torch.float64)","tensor(2.3161, dtype=torch.float64, grad_fn=<NegBackward0>)"
10,"tensor(0.8360, dtype=torch.float64, grad_fn=<ExpBackward0>)","tensor(13.2538, dtype=torch.float64)","tensor(2.8245, dtype=torch.float64, grad_fn=<NegBackward0>)"
11,"tensor(0.7492, dtype=torch.float64, grad_fn=<ExpBackward0>)","tensor(17.9913, dtype=torch.float64)","tensor(3.2194, dtype=torch.float64, grad_fn=<NegBackward0>)"
12,"tensor(0.9900, dtype=torch.float64, grad_fn=<ExpBackward0>)","tensor(1.4836, dtype=torch.float64)","tensor(0.9157, dtype=torch.float64, grad_fn=<NegBackward0>)"
13,"tensor(0.9036, dtype=torch.float64, grad_fn=<ExpBackward0>)","tensor(7.8523, dtype=torch.float64)","tensor(2.2711, dtype=torch.float64, grad_fn=<NegBackward0>)"
14,"tensor(0.7507, dtype=torch.float64, grad_fn=<ExpBackward0>)","tensor(7.3786, dtype=torch.float64)","tensor(2.3823, dtype=torch.float64, grad_fn=<NegBackward0>)"
15,"tensor(0.9863, dtype=torch.float64, grad_fn=<ExpBackward0>)","tensor(10.8729, dtype=torch.float64)","tensor(2.4869, dtype=torch.float64, grad_fn=<NegBackward0>)"
16,"tensor(0.8297, dtype=torch.float64, grad_fn=<ExpBackward0>)","tensor(5.1336, dtype=torch.float64)","tensor(1.9723, dtype=torch.float64, grad_fn=<NegBackward0>)"
17,"tensor(0.7836, dtype=torch.float64, grad_fn=<ExpBackward0>)","tensor(18.6818, dtype=torch.float64)","tensor(3.2124, dtype=torch.float64, grad_fn=<NegBackward0>)"
18,"tensor(0.7062, dtype=torch.float64, grad_fn=<ExpBackward0>)","tensor(12.2776, dtype=torch.float64)","tensor(2.9116, dtype=torch.float64, grad_fn=<NegBackward0>)"
19,"tensor(0.9021, dtype=torch.float64, grad_fn=<ExpBackward0>)","tensor(6.3124, dtype=torch.float64)","tensor(2.0791, dtype=torch.float64, grad_fn=<NegBackward0>)"
20,"tensor(0.9508, dtype=torch.float64, grad_fn=<ExpBackward0>)","tensor(14.2117, dtype=torch.float64)","tensor(2.7693, dtype=torch.float64, grad_fn=<NegBackward0>)"
21,"tensor(0.9522, dtype=torch.float64, grad_fn=<ExpBackward0>)","tensor(7.5999, dtype=torch.float64)","tensor(2.1952, dtype=torch.float64, grad_fn=<NegBackward0>)"
22,"tensor(0.9328, dtype=torch.float64, grad_fn=<ExpBackward0>)","tensor(4.9171, dtype=torch.float64)","tensor(1.8359, dtype=torch.float64, grad_fn=<NegBackward0>)"
23,"tensor(0.7313, dtype=torch.float64, grad_fn=<ExpBackward0>)","tensor(14.4657, dtype=torch.float64)","tensor(3.0341, dtype=torch.float64, grad_fn=<NegBackward0>)"
24,"tensor(0.9112, dtype=torch.float64, grad_fn=<ExpBackward0>)","tensor(5.9543, dtype=torch.float64)","tensor(2.0195, dtype=torch.float64, grad_fn=<NegBackward0>)"
25,"tensor(0.9261, dtype=torch.float64, grad_fn=<ExpBackward0>)","tensor(6.6774, dtype=torch.float64)","tensor(2.1054, dtype=torch.float64, grad_fn=<NegBackward0>)"
26,"tensor(0.9177, dtype=torch.float64, grad_fn=<ExpBackward0>)","tensor(11.9285, dtype=torch.float64)","tensor(2.6389, dtype=torch.float64, grad_fn=<NegBackward0>)"
27,"tensor(0.7838, dtype=torch.float64, grad_fn=<ExpBackward0>)","tensor(6.3372, dtype=torch.float64)","tensor(2.2067, dtype=torch.float64, grad_fn=<NegBackward0>)"
28,"tensor(0.8443, dtype=torch.float64, grad_fn=<ExpBackward0>)","tensor(7.7965, dtype=torch.float64)","tensor(2.3258, dtype=torch.float64, grad_fn=<NegBackward0>)"
29,"tensor(0.5175, dtype=torch.float64, grad_fn=<ExpBackward0>)","tensor(14.0549, dtype=torch.float64)","tensor(3.3378, dtype=torch.float64, grad_fn=<NegBackward0>)"
30,"tensor(0.9900, dtype=torch.float64, grad_fn=<ExpBackward0>)","tensor(6.0486, dtype=torch.float64)","tensor(1.9615, dtype=torch.float64, grad_fn=<NegBackward0>)"
31,"tensor(0.4627, dtype=torch.float64, grad_fn=<ExpBackward0>)","tensor(7.8408, dtype=torch.float64)","tensor(2.8873, dtype=torch.float64, grad_fn=<NegBackward0>)"
32,"tensor(0.9875, dtype=torch.float64, grad_fn=<ExpBackward0>)","tensor(7.5272, dtype=torch.float64)","tensor(2.1544, dtype=torch.float64, grad_fn=<NegBackward0>)"
33,"tensor(0.9785, dtype=torch.float64, grad_fn=<ExpBackward0>)","tensor(3.1642, dtype=torch.float64)","tensor(1.4431, dtype=torch.float64, grad_fn=<NegBackward0>)"
34,"tensor(0.8989, dtype=torch.float64, grad_fn=<ExpBackward0>)","tensor(5.5098, dtype=torch.float64)","tensor(1.9642, dtype=torch.float64, grad_fn=<NegBackward0>)"
35,"tensor(0.9333, dtype=torch.float64, grad_fn=<ExpBackward0>)","tensor(11.0642, dtype=torch.float64)","tensor(2.5537, dtype=torch.float64, grad_fn=<NegBackward0>)"
36,"tensor(0.8439, dtype=torch.float64, grad_fn=<ExpBackward0>)","tensor(12.7512, dtype=torch.float64)","tensor(2.7794, dtype=torch.float64, grad_fn=<NegBackward0>)"
37,"tensor(0.9852, dtype=torch.float64, grad_fn=<ExpBackward0>)","tensor(5.4623, dtype=torch.float64)","tensor(1.8786, dtype=torch.float64, grad_fn=<NegBackward0>)"
38,"tensor(0.8140, dtype=torch.float64, grad_fn=<ExpBackward0>)","tensor(8.7950, dtype=torch.float64)","tensor(2.4685, dtype=torch.float64, grad_fn=<NegBackward0>)"
39,"tensor(0.9900, dtype=torch.float64, grad_fn=<ExpBackward0>)","tensor(6.3899, dtype=torch.float64)","tensor(2.0088, dtype=torch.float64, grad_fn=<NegBackward0>)"
40,"tensor(0.8785, dtype=torch.float64, grad_fn=<ExpBackward0>)","tensor(11.9805, dtype=torch.float64)","tensor(2.6836, dtype=torch.float64, grad_fn=<NegBackward0>)"
41,"tensor(0.8671, dtype=torch.float64, grad_fn=<ExpBackward0>)","tensor(10.3528, dtype=torch.float64)","tensor(2.5603, dtype=torch.float64, grad_fn=<NegBackward0>)"
42,"tensor(0.9900, dtype=torch.float64, grad_fn=<ExpBackward0>)","tensor(9.8505, dtype=torch.float64)","tensor(2.3933, dtype=torch.float64, grad_fn=<NegBackward0>)"
43,"tensor(0.9740, dtype=torch.float64, grad_fn=<ExpBackward0>)","tensor(4.8077, dtype=torch.float64)","tensor(1.7810, dtype=torch.float64, grad_fn=<NegBackward0>)"
44,"tensor(0.9774, dtype=torch.float64, grad_fn=<ExpBackward0>)","tensor(9.7487, dtype=torch.float64)","tensor(2.3956, dtype=torch.float64, grad_fn=<NegBackward0>)"
45,"tensor(0.9348, dtype=torch.float64, grad_fn=<ExpBackward0>)","tensor(14.3517, dtype=torch.float64)","tensor(2.7944, dtype=torch.float64, grad_fn=<NegBackward0>)"
46,"tensor(0.9080, dtype=torch.float64, grad_fn=<ExpBackward0>)","tensor(12.7013, dtype=torch.float64)","tensor(2.7073, dtype=torch.float64, grad_fn=<NegBackward0>)"
47,"tensor(0.9884, dtype=torch.float64, grad_fn=<ExpBackward0>)","tensor(6.5161, dtype=torch.float64)","tensor(2.0272, dtype=torch.float64, grad_fn=<NegBackward0>)"
48,"tensor(0.9876, dtype=torch.float64, grad_fn=<ExpBackward0>)","tensor(11.0428, dtype=torch.float64)","tensor(2.4999, dtype=torch.float64, grad_fn=<NegBackward0>)"
49,"tensor(0.9900, dtype=torch.float64, grad_fn=<ExpBackward0>)","tensor(8.2685, dtype=torch.float64)","tensor(2.2356, dtype=torch.float64, grad_fn=<NegBackward0>)"
50,"tensor(0.9900, dtype=torch.float64, grad_fn=<ExpBackward0>)","tensor(5.1128, dtype=torch.float64)","tensor(1.8188, dtype=torch.float64, grad_fn=<NegBackward0>)"
51,"tensor(0.7764, dtype=torch.float64, grad_fn=<ExpBackward0>)","tensor(9.3256, dtype=torch.float64)","tensor(2.5658, dtype=torch.float64, grad_fn=<NegBackward0>)"
52,"tensor(0.9900, dtype=torch.float64, grad_fn=<ExpBackward0>)","tensor(4.8095, dtype=torch.float64)","tensor(1.7678, dtype=torch.float64, grad_fn=<NegBackward0>)"
53,"tensor(0.9529, dtype=torch.float64, grad_fn=<ExpBackward0>)","tensor(14.3445, dtype=torch.float64)","tensor(2.7759, dtype=torch.float64, grad_fn=<NegBackward0>)"
54,"tensor(0.6319, dtype=torch.float64, grad_fn=<ExpBackward0>)","tensor(9.0246, dtype=torch.float64)","tensor(2.7267, dtype=torch.float64, grad_fn=<NegBackward0>)"
55,"tensor(0.9639, dtype=torch.float64, grad_fn=<ExpBackward0>)","tensor(9.4015, dtype=torch.float64)","tensor(2.3752, dtype=torch.float64, grad_fn=<NegBackward0>)"
56,"tensor(0.9900, dtype=torch.float64, grad_fn=<ExpBackward0>)","tensor(6.3766, dtype=torch.float64)","tensor(2.0070, dtype=torch.float64, grad_fn=<NegBackward0>)"
57,"tensor(0.8244, dtype=torch.float64, grad_fn=<ExpBackward0>)","tensor(6.4580, dtype=torch.float64)","tensor(2.1785, dtype=torch.float64, grad_fn=<NegBackward0>)"
58,"tensor(0.9321, dtype=torch.float64, grad_fn=<ExpBackward0>)","tensor(6.4129, dtype=torch.float64)","tensor(2.0643, dtype=torch.float64, grad_fn=<NegBackward0>)"
59,"tensor(0.9252, dtype=torch.float64, grad_fn=<ExpBackward0>)","tensor(16.4732, dtype=torch.float64)","tensor(2.9341, dtype=torch.float64, grad_fn=<NegBackward0>)"
60,"tensor(0.9403, dtype=torch.float64, grad_fn=<ExpBackward0>)","tensor(5.4359, dtype=torch.float64)","tensor(1.9141, dtype=torch.float64, grad_fn=<NegBackward0>)"
61,"tensor(0.8808, dtype=torch.float64, grad_fn=<ExpBackward0>)","tensor(5.9894, dtype=torch.float64)","tensor(2.0541, dtype=torch.float64, grad_fn=<NegBackward0>)"
62,"tensor(0.8206, dtype=torch.float64, grad_fn=<ExpBackward0>)","tensor(10.2047, dtype=torch.float64)","tensor(2.5979, dtype=torch.float64, grad_fn=<NegBackward0>)"
63,"tensor(0.9810, dtype=torch.float64, grad_fn=<ExpBackward0>)","tensor(6.5608, dtype=torch.float64)","tensor(2.0396, dtype=torch.float64, grad_fn=<NegBackward0>)"
0,"tensor(0.9748, dtype=torch.float64, grad_fn=<ExpBackward0>)","tensor(27.6256, dtype=torch.float64)","tensor(3.3789, dtype=torch.float64, grad_fn=<NegBackward0>)"
1,"tensor(0.9806, dtype=torch.float64, grad_fn=<ExpBackward0>)","tensor(4.2588, dtype=torch.float64)","tensor(1.6758, dtype=torch.float64, grad_fn=<NegBackward0>)"
2,"tensor(0.9789, dtype=torch.float64, grad_fn=<ExpBackward0>)","tensor(7.6092, dtype=torch.float64)","tensor(2.1718, dtype=torch.float64, grad_fn=<NegBackward0>)"
3,"tensor(0.7713, dtype=torch.float64, grad_fn=<ExpBackward0>)","tensor(6.2947, dtype=torch.float64)","tensor(2.2150, dtype=torch.float64, grad_fn=<NegBackward0>)"
4,"tensor(0.9518, dtype=torch.float64, grad_fn=<ExpBackward0>)","tensor(11.6212, dtype=torch.float64)","tensor(2.5809, dtype=torch.float64, grad_fn=<NegBackward0>)"
5,"tensor(0.9691, dtype=torch.float64, grad_fn=<ExpBackward0>)","tensor(11.6746, dtype=torch.float64)","tensor(2.5686, dtype=torch.float64, grad_fn=<NegBackward0>)"
6,"tensor(0.9264, dtype=torch.float64, grad_fn=<ExpBackward0>)","tensor(6.6402, dtype=torch.float64)","tensor(2.1002, dtype=torch.float64, grad_fn=<NegBackward0>)"
7,"tensor(0.9522, dtype=torch.float64, grad_fn=<ExpBackward0>)","tensor(5.5286, dtype=torch.float64)","tensor(1.9178, dtype=torch.float64, grad_fn=<NegBackward0>)"
8,"tensor(0.8413, dtype=torch.float64, grad_fn=<ExpBackward0>)","tensor(3.6648, dtype=torch.float64)","tensor(1.6783, dtype=torch.float64, grad_fn=<NegBackward0>)"
9,"tensor(0.9900, dtype=torch.float64, grad_fn=<ExpBackward0>)","tensor(5.8789, dtype=torch.float64)","tensor(1.9370, dtype=torch.float64, grad_fn=<NegBackward0>)"
10,"tensor(0.5133, dtype=torch.float64, grad_fn=<ExpBackward0>)","tensor(7.9541, dtype=torch.float64)","tensor(2.8030, dtype=torch.float64, grad_fn=<NegBackward0>)"
11,"tensor(0.9525, dtype=torch.float64, grad_fn=<ExpBackward0>)","tensor(5.4242, dtype=torch.float64)","tensor(1.9013, dtype=torch.float64, grad_fn=<NegBackward0>)"
12,"tensor(0.9900, dtype=torch.float64, grad_fn=<ExpBackward0>)","tensor(5.3987, dtype=torch.float64)","tensor(1.8645, dtype=torch.float64, grad_fn=<NegBackward0>)"
13,"tensor(0.5667, dtype=torch.float64, grad_fn=<ExpBackward0>)","tensor(6.5271, dtype=torch.float64)","tensor(2.5271, dtype=torch.float64, grad_fn=<NegBackward0>)"
14,"tensor(0.9398, dtype=torch.float64, grad_fn=<ExpBackward0>)","tensor(12.0149, dtype=torch.float64)","tensor(2.6235, dtype=torch.float64, grad_fn=<NegBackward0>)"
15,"tensor(0.6313, dtype=torch.float64, grad_fn=<ExpBackward0>)","tensor(18.2478, dtype=torch.float64)","tensor(3.3980, dtype=torch.float64, grad_fn=<NegBackward0>)"
16,"tensor(0.7593, dtype=torch.float64, grad_fn=<ExpBackward0>)","tensor(10.3562, dtype=torch.float64)","tensor(2.6837, dtype=torch.float64, grad_fn=<NegBackward0>)"
17,"tensor(0.9381, dtype=torch.float64, grad_fn=<ExpBackward0>)","tensor(10.7996, dtype=torch.float64)","tensor(2.5267, dtype=torch.float64, grad_fn=<NegBackward0>)"
18,"tensor(0.7976, dtype=torch.float64, grad_fn=<ExpBackward0>)","tensor(25.2924, dtype=torch.float64)","tensor(3.4877, dtype=torch.float64, grad_fn=<NegBackward0>)"
19,"tensor(0.8632, dtype=torch.float64, grad_fn=<ExpBackward0>)","tensor(4.6680, dtype=torch.float64)","tensor(1.8575, dtype=torch.float64, grad_fn=<NegBackward0>)"
20,"tensor(0.9648, dtype=torch.float64, grad_fn=<ExpBackward0>)","tensor(3.8392, dtype=torch.float64)","tensor(1.6053, dtype=torch.float64, grad_fn=<NegBackward0>)"
21,"tensor(0.8632, dtype=torch.float64, grad_fn=<ExpBackward0>)","tensor(9.2568, dtype=torch.float64)","tensor(2.4617, dtype=torch.float64, grad_fn=<NegBackward0>)"
22,"tensor(0.9871, dtype=torch.float64, grad_fn=<ExpBackward0>)","tensor(10.3910, dtype=torch.float64)","tensor(2.4447, dtype=torch.float64, grad_fn=<NegBackward0>)"
23,"tensor(0.9643, dtype=torch.float64, grad_fn=<ExpBackward0>)","tensor(4.6186, dtype=torch.float64)","tensor(1.7561, dtype=torch.float64, grad_fn=<NegBackward0>)"
24,"tensor(0.9743, dtype=torch.float64, grad_fn=<ExpBackward0>)","tensor(4.2021, dtype=torch.float64)","tensor(1.6702, dtype=torch.float64, grad_fn=<NegBackward0>)"
25,"tensor(0.8519, dtype=torch.float64, grad_fn=<ExpBackward0>)","tensor(13.1242, dtype=torch.float64)","tensor(2.7977, dtype=torch.float64, grad_fn=<NegBackward0>)"
26,"tensor(0.9900, dtype=torch.float64, grad_fn=<ExpBackward0>)","tensor(4.4692, dtype=torch.float64)","tensor(1.7073, dtype=torch.float64, grad_fn=<NegBackward0>)"
27,"tensor(0.9071, dtype=torch.float64, grad_fn=<ExpBackward0>)","tensor(19.4107, dtype=torch.float64)","tensor(3.1090, dtype=torch.float64, grad_fn=<NegBackward0>)"
28,"tensor(0.8332, dtype=torch.float64, grad_fn=<ExpBackward0>)","tensor(9.5314, dtype=torch.float64)","tensor(2.5209, dtype=torch.float64, grad_fn=<NegBackward0>)"
29,"tensor(0.9850, dtype=torch.float64, grad_fn=<ExpBackward0>)","tensor(2.3509, dtype=torch.float64)","tensor(1.2199, dtype=torch.float64, grad_fn=<NegBackward0>)"
30,"tensor(0.9640, dtype=torch.float64, grad_fn=<ExpBackward0>)","tensor(14.7246, dtype=torch.float64)","tensor(2.7896, dtype=torch.float64, grad_fn=<NegBackward0>)"
31,"tensor(0.8024, dtype=torch.float64, grad_fn=<ExpBackward0>)","tensor(13.7890, dtype=torch.float64)","tensor(2.9006, dtype=torch.float64, grad_fn=<NegBackward0>)"
32,"tensor(0.9199, dtype=torch.float64, grad_fn=<ExpBackward0>)","tensor(2.8220, dtype=torch.float64)","tensor(1.4031, dtype=torch.float64, grad_fn=<NegBackward0>)"
33,"tensor(0.8816, dtype=torch.float64, grad_fn=<ExpBackward0>)","tensor(11.5014, dtype=torch.float64)","tensor(2.6424, dtype=torch.float64, grad_fn=<NegBackward0>)"
34,"tensor(0.9846, dtype=torch.float64, grad_fn=<ExpBackward0>)","tensor(5.9628, dtype=torch.float64)","tensor(1.9539, dtype=torch.float64, grad_fn=<NegBackward0>)"
35,"tensor(0.9900, dtype=torch.float64, grad_fn=<ExpBackward0>)","tensor(4.2943, dtype=torch.float64)","tensor(1.6748, dtype=torch.float64, grad_fn=<NegBackward0>)"
36,"tensor(0.9196, dtype=torch.float64, grad_fn=<ExpBackward0>)","tensor(4.1164, dtype=torch.float64)","tensor(1.7005, dtype=torch.float64, grad_fn=<NegBackward0>)"
37,"tensor(0.8518, dtype=torch.float64, grad_fn=<ExpBackward0>)","tensor(12.6392, dtype=torch.float64)","tensor(2.7624, dtype=torch.float64, grad_fn=<NegBackward0>)"
38,"tensor(0.8601, dtype=torch.float64, grad_fn=<ExpBackward0>)","tensor(5.8652, dtype=torch.float64)","tensor(2.0566, dtype=torch.float64, grad_fn=<NegBackward0>)"
39,"tensor(0.9140, dtype=torch.float64, grad_fn=<ExpBackward0>)","tensor(16.5565, dtype=torch.float64)","tensor(2.9505, dtype=torch.float64, grad_fn=<NegBackward0>)"
40,"tensor(0.9627, dtype=torch.float64, grad_fn=<ExpBackward0>)","tensor(14.7311, dtype=torch.float64)","tensor(2.7913, dtype=torch.float64, grad_fn=<NegBackward0>)"
41,"tensor(0.9130, dtype=torch.float64, grad_fn=<ExpBackward0>)","tensor(15.8478, dtype=torch.float64)","tensor(2.9101, dtype=torch.float64, grad_fn=<NegBackward0>)"
42,"tensor(0.9900, dtype=torch.float64, grad_fn=<ExpBackward0>)","tensor(13.4043, dtype=torch.float64)","tensor(2.6769, dtype=torch.float64, grad_fn=<NegBackward0>)"
43,"tensor(0.8222, dtype=torch.float64, grad_fn=<ExpBackward0>)","tensor(6.9966, dtype=torch.float64)","tensor(2.2523, dtype=torch.float64, grad_fn=<NegBackward0>)"
44,"tensor(0.9249, dtype=torch.float64, grad_fn=<ExpBackward0>)","tensor(15.9786, dtype=torch.float64)","tensor(2.9056, dtype=torch.float64, grad_fn=<NegBackward0>)"
45,"tensor(0.9441, dtype=torch.float64, grad_fn=<ExpBackward0>)","tensor(10.7524, dtype=torch.float64)","tensor(2.5168, dtype=torch.float64, grad_fn=<NegBackward0>)"
46,"tensor(0.9246, dtype=torch.float64, grad_fn=<ExpBackward0>)","tensor(2.5708, dtype=torch.float64)","tensor(1.3298, dtype=torch.float64, grad_fn=<NegBackward0>)"
47,"tensor(0.5779, dtype=torch.float64, grad_fn=<ExpBackward0>)","tensor(20.4516, dtype=torch.float64)","tensor(3.5942, dtype=torch.float64, grad_fn=<NegBackward0>)"
48,"tensor(0.8429, dtype=torch.float64, grad_fn=<ExpBackward0>)","tensor(12.8873, dtype=torch.float64)","tensor(2.7905, dtype=torch.float64, grad_fn=<NegBackward0>)"
49,"tensor(0.9515, dtype=torch.float64, grad_fn=<ExpBackward0>)","tensor(14.8497, dtype=torch.float64)","tensor(2.8098, dtype=torch.float64, grad_fn=<NegBackward0>)"
50,"tensor(0.9615, dtype=torch.float64, grad_fn=<ExpBackward0>)","tensor(11.2561, dtype=torch.float64)","tensor(2.5422, dtype=torch.float64, grad_fn=<NegBackward0>)"
51,"tensor(0.9190, dtype=torch.float64, grad_fn=<ExpBackward0>)","tensor(18.6809, dtype=torch.float64)","tensor(3.0600, dtype=torch.float64, grad_fn=<NegBackward0>)"
52,"tensor(0.9016, dtype=torch.float64, grad_fn=<ExpBackward0>)","tensor(10.1269, dtype=torch.float64)","tensor(2.5040, dtype=torch.float64, grad_fn=<NegBackward0>)"
53,"tensor(0.9562, dtype=torch.float64, grad_fn=<ExpBackward0>)","tensor(15.2427, dtype=torch.float64)","tensor(2.8297, dtype=torch.float64, grad_fn=<NegBackward0>)"
54,"tensor(0.6106, dtype=torch.float64, grad_fn=<ExpBackward0>)","tensor(13.6912, dtype=torch.float64)","tensor(3.1537, dtype=torch.float64, grad_fn=<NegBackward0>)"
55,"tensor(0.9527, dtype=torch.float64, grad_fn=<ExpBackward0>)","tensor(10.6312, dtype=torch.float64)","tensor(2.4981, dtype=torch.float64, grad_fn=<NegBackward0>)"
56,"tensor(0.8652, dtype=torch.float64, grad_fn=<ExpBackward0>)","tensor(9.7312, dtype=torch.float64)","tensor(2.5053, dtype=torch.float64, grad_fn=<NegBackward0>)"
57,"tensor(0.9487, dtype=torch.float64, grad_fn=<ExpBackward0>)","tensor(0.4401, dtype=torch.float64)","tensor(0.3811, dtype=torch.float64, grad_fn=<NegBackward0>)"
58,"tensor(0.9900, dtype=torch.float64, grad_fn=<ExpBackward0>)","tensor(14.5462, dtype=torch.float64)","tensor(2.7532, dtype=torch.float64, grad_fn=<NegBackward0>)"
59,"tensor(0.7688, dtype=torch.float64, grad_fn=<ExpBackward0>)","tensor(6.5797, dtype=torch.float64)","tensor(2.2574, dtype=torch.float64, grad_fn=<NegBackward0>)"
60,"tensor(0.9900, dtype=torch.float64, grad_fn=<ExpBackward0>)","tensor(8.2355, dtype=torch.float64)","tensor(2.2320, dtype=torch.float64, grad_fn=<NegBackward0>)"
61,"tensor(0.9838, dtype=torch.float64, grad_fn=<ExpBackward0>)","tensor(3.2008, dtype=torch.float64)","tensor(1.4477, dtype=torch.float64, grad_fn=<NegBackward0>)"
62,"tensor(0.8383, dtype=torch.float64, grad_fn=<ExpBackward0>)","tensor(9.2357, dtype=torch.float64)","tensor(2.4864, dtype=torch.float64, grad_fn=<NegBackward0>)"
63,"tensor(0.9353, dtype=torch.float64, grad_fn=<ExpBackward0>)","tensor(12.9257, dtype=torch.float64)","tensor(2.6959, dtype=torch.float64, grad_fn=<NegBackward0>)"
